lost_parking,transit_dist,bike_chng,type,parking_cost_change,pct_sales_chng
3,0.17445969599554023,0.047769826983961136,Gas station,0.012,0
4,0.14222227056787629,-0.015066797973835873,Furniture,-0.004,-0.01898346829389557
3,0.16879397476669317,-0.016213351291147638,Grocery,0.006,-0.016843604190251438
4,0.12731005466038112,0.04908234141147999,Grocery,0.01,-0.015515036788074194
4,0.1269605585450686,-0.04765365605013325,Furniture,0.005,-0.019878411242404095
3,0.10634777354460152,0.022742670839692967,Clothing,-0.006,0.031192266405570743
4,0.13147596227458566,-0.005815962196174553,Grocery,0.015,-0.01741037627883019
3,0.12121049354453656,0.047768968783542406,Clothing,-0.002,0.022637052214381583
4,0.09068715776259215,-0.011049530382744269,Grocery,0.003,-0.014244547217579175
3,0.06943012331631378,0.04820223006193565,Gas station,0.006,0
4,0.03195278005994441,0.036338851750737804,Gas station,0.039,0
5,0.10096618291191291,-0.03918597505458488,Furniture,0.024,-0.02243351580617093
5,0.04217968779561482,0.07109583842622055,Grocery,0.033,-0.0192352283720912
3,0.01751175442746787,0.0465834369012203,Grocery,0.033,-0.01593096804803068
4,-0.024299814992652404,0.08010657896943879,Furniture,0.03,-0.007547768042801675
4,0.007285390964912164,0.14488774842607083,Clothing,0.014,0.0565303951786054
4,0.01755188244479413,0.02131881492071594,Grocery,0.02,-0.014710608651981788
4,0.006586414169272421,-0.006766017909712471,Clothing,0.023,0.11787227656871713
3,0.08070380167844124,-0.020959155615289056,Grocery,0.028,-0.01131521405898629
5,0.0543820132646606,-0.02418444300001823,Gas station,0.022,0
3,0.05193114941142965,0.014988113046230895,Drugstore,0.039,0.10244853627915002
5,0.0628163661244625,0.06474041370243211,Drugstore,0.041,0.07587411385759775
3,0.11679337243885922,0.08346337723375871,Books,0.034,0.07275641017515036
5,0.11010969746546595,0.08032136791002484,Books,0.04,0.062382396201026494
4,0.08804789864477301,0.03869493879666212,Furniture,0.048,-0.007893090475005712
5,0.11700260718798387,-0.026639969088069204,Grocery,0.046,-0.019756561838989068
4,0.15442000110605905,0.05946120935514905,Books,0.049,0.05244177809366544
5,0.15059425001215568,0.05739234989861189,Books,0.036,0.02416195745716068
3,0.1509303523247267,0.0078735457722598,Furniture,0.032,-0.004488966337380207
4,0.192197977907455,0.0021184119448468194,Furniture,0.042,-0.018634354090497986
4,0.2011989455442516,0.028023721556051744,Drugstore,0.084,0.05611546202160781
3,0.14652831467242683,0.05027066975746047,Drugstore,0.058,0.06472078231877058
4,0.13420362553152104,0.07910737583673041,Books,0.069,0.054022079819375304
4,0.12779939408309243,0.05540545472838602,Books,0.058,0.046750454681349404
4,0.13914952011854434,0.08462667730081663,Furniture,0.06,-0.01949876868121064
4,0.10148433800346492,0.1197147574051838,Grocery,0.065,-0.009949979172789124
4,0.07149583386320349,0.03949703918001972,Books,0.054,0.057158966436673904
5,0.09368428442156106,0.05066088544252069,Books,0.077,0.03208944240331057
5,0.08385611232119904,0.020158037422392028,Furniture,0.056,-0.017817641110792537
5,0.03584646696762185,0.085093174392642,Furniture,0.059,-0.02008869720281734
5,0.06337138836043263,0.03020996466437296,Drugstore,0.073,0.09333767439747254
3,0.04175995224349005,0.03534934914010235,Drugstore,0.071,0.07964320270500921
4,0.03057604130956814,0.10821955030617297,Books,0.076,0.10404956762261958
4,0.0304000025075682,0.04123442861911923,Books,0.072,0.08876812739365378
4,0.003533206793390641,0.1008666913650353,Furniture,0.066,-0.016653691907258118
3,0.008245916135854453,0.07208545505364222,Grocery,0.087,-0.016684557624399063
5,-0.010998223859232369,0.07695175140325008,Books,0.069,0.14713751420381954
4,0.031323106271204985,-0.026429486303391897,Books,0.08,0.018327014461427656
3,0.09841655125698608,0.07301285867017121,Furniture,0.077,-0.011690341561067658
3,0.05440724298134967,0.09062906525808385,Furniture,0.091,-0.02108069369515588
4,0.0971632918694047,0.0741954594381732,Drugstore,0.107,0.02544556067668835
3,0.09066954684425092,0.009728173145084028,Drugstore,0.091,0.05444017529782696
3,0.1042675667487696,0.03583899390923924,Books,0.102,0.048852313531404803
4,0.10302315405662436,0.03831865447821603,Books,0.093,0.026613826612735966
5,0.1424678581853226,0.029151634829864194,Furniture,0.102,-0.019774680432266992
5,0.11680581466621479,0.04161536370680618,Grocery,0.095,-0.0034257583476489215
4,0.15400017167638774,0.0563832887329817,Books,0.104,-0.005898459424815074
3,0.13888908078919968,0.1996068726449795,Books,0.1,0.059420441703290264
4,0.18596305033858254,-0.025737458519478562,Furniture,0.117,-0.016438595322409363
4,0.20367027385207687,0.11173665790843035,Furniture,0.106,-0.012616472936159478
4,0.1922602148354348,0.1511584327491348,Books,0.134,0.023885862265249885
3,0.14961184908381236,0.18164687736139729,Clothing,0.127,0.06729435629381234
3,0.1334965263732738,0.06300732428370395,Restaurant,0.113,0.0470191115645377
5,0.15020159332095817,0.10332280272356881,Books,0.131,0.009644971568912308
5,0.1352120856243778,-0.022898452766764568,Restaurant,0.115,0.07144820700134275
3,0.1147858706634179,0.07522858968413694,Drugstore,0.121,0.04413173870057166
4,0.10481525881772696,0.116690759531477,Drugstore,0.114,0.06355744154663215
4,0.09519184897900616,0.08537872841766922,Restaurant,0.135,0.05417984941042013
3,0.11155850976668354,0.1860431096237552,Restaurant,0.107,0.06342443822420453
4,0.060712914414913645,0.07144488907804465,Drugstore,0.115,0.08157288524633516
5,0.0542516264213666,0.05540808650491012,Books,0.146,0.059099580385103705
4,-0.001986065808612467,0.10341401712485107,Clothing,0.131,0.06529739158430954
4,0.043362812775209716,-0.0026999622686009195,Restaurant,0.137,0.06444886627838606
5,0.018865401998792202,0.14246979834144394,Books,0.128,0.07765947289953623
5,0.04029642765989635,0.18092338285248963,Restaurant,0.146,0.10235775663921505
3,-0.010935277367045089,0.009297532739381095,Drugstore,0.142,0.08377601583482343
4,0.03164292802143673,0.06084328085755718,Drugstore,0.145,0.08513988563015992
3,0.014439089507126551,0.060796247645304516,Restaurant,0.144,0.06764280596316452
5,0.017187513776312207,0.12702019347079035,Restaurant,0.134,0.1004047351124865
3,0.024118851017780076,0.06940955822436382,Drugstore,0.121,0.042122111885867036
5,0.08569605662557661,0.02489058810747742,Books,0.147,0.042914390025337215
4,0.04365900916704138,0.17496244986517254,Clothing,0.18,0.04309096831281316
3,0.12354772535128955,0.1383446705041695,Restaurant,0.162,0.03892899860760122
4,0.09844770356730506,0.14020995556965468,Books,0.172,0.0761133464884847
4,0.14656404716528282,0.09062705853534035,Restaurant,0.161,0.020533763089142166
4,0.13466455004844935,0.049088081658336384,Drugstore,0.16,0.05351481874042224
4,0.16873802789221518,0.17822701689492887,Drugstore,0.174,0.04578570698836608
4,0.1856175358864398,0.11840901454503056,Restaurant,0.151,0.0797377862870967
3,0.17554932061632708,0.08098558521301369,Restaurant,0.15,0.023791508727733196
3,0.19654522679060557,0.08214181150549178,Drugstore,0.16,0.007870748677138608
4,0.1854010506844677,0.24139566790346212,Books,0.155,0.0327581066273495
5,0.16984208941199982,0.09779042845310693,Clothing,0.171,0.03178246369655759
4,0.12997194538244924,0.13810914070552832,Restaurant,0.185,0.051233097975084144
4,0.1727989834465814,-0.06063607892130196,Books,0.172,0.024101175184928395
3,0.12773050882705908,0.10276633898055008,Restaurant,0.195,0.03279753975861216
3,0.09610466729573601,0.07000783599774713,Drugstore,0.186,0.03798019150039492
4,0.10489123581777408,0.094523527623005,Drugstore,0.167,0.04352724105926326
3,0.08895070012092646,0.15750146761042047,Restaurant,0.184,0.041429897156959924
5,0.09309390505462829,0.07273180410313423,Restaurant,0.183,0.04569020508154642
4,0.07284010644918401,0.1000890836141335,Drugstore,0.182,0.10853461574527205
3,0.056933401119845,-0.022044280399063684,Clothing,0.184,0.01823314630221796
4,0.0864545171870836,0.07606720378897888,Books,0.202,0.0307541462164084
4,0.051257541188670465,0.0817581801439716,Clothing,0.2,0.031002954988224578
5,0.006534846841424821,0.11862872864108454,Books,0.221,0.09144092388036922
3,0.009597846287466261,0.15651754634603793,Clothing,0.218,0.1224375228372779
4,-0.0010772523943529126,0.14378542971325362,Clothing,0.211,0.12127620633405056
4,0.03193029100248694,0.21897073700481362,Clothing,0.2,0.04943003559127138
3,-0.008805393328023655,0.13136321024475808,Restaurant,0.206,0.060708683701934794
3,0.02688334228283614,0.1263562949715143,Books,0.203,0.0622920918335031
3,0.043896183163954335,0.0789969952774904,Restaurant,0.184,0.06749819151717429
5,0.05941235227202949,0.1467853760015219,Books,0.177,0.06606989604725147
3,0.0869971842478416,0.22453307837021746,Clothing,0.182,0.0709011092885807
4,0.0835932920998168,0.11748548592758051,Restaurant,0.188,0.05374208497512983
5,0.13689087855953003,0.08501705453638804,Books,0.184,0.06190279816330606
5,0.1329283613047901,0.13694732723492492,Restaurant,0.189,0.039007323705408325
4,0.1531390187072864,0.1475018197035083,Drugstore,0.166,0.035105450530146305
5,0.14621567393038307,0.06320107311571486,Drugstore,0.181,0.03205476541008408
5,0.13956559229740267,0.0806477447997921,Restaurant,0.188,0.04335895465730176
5,0.1477078895614352,0.08835512346270653,Restaurant,0.172,0.03155181990122568
4,0.19880339749410156,0.10222048884322213,Drugstore,0.19,0.041530902365319075
5,0.19995768149562793,0.13322011694239702,Books,0.149,0.007766129987244028
3,0.1502782080173149,0.15607240369661984,Clothing,0.152,-0.005336483596473981
5,0.12853076072876313,-0.018222566824330683,Restaurant,0.151,0.030567973220719885
5,0.1523320385082386,0.09927724662388154,Books,0.177,0.0346989693481135
4,0.14674901108138652,0.10600099628561273,Restaurant,0.155,0.01912899741954754
4,0.11673596858756347,0.03729923240612382,Drugstore,0.147,0.034558191480069354
5,0.09084252028378961,0.12846119629984368,Drugstore,0.173,0.06451713305213051
5,0.0713917384460174,0.03880125402419965,Restaurant,0.151,0.09468928962749049
3,0.0748333023323603,-0.03276644515249512,Restaurant,0.153,0.05357240415099175
4,0.10475136233916539,0.05256559396405361,Drugstore,0.145,0.06323577373295865
4,0.0561367662603048,0.06961261272040355,Books,0.126,0.06343478918836655
5,0.0654461354214742,0.061034756965828295,Clothing,0.125,0.04780407036809622
5,0.019187282548631446,0.11846366731462213,Restaurant,0.125,0.11672528708082311
5,0.01662332748467133,0.14083957997834473,Books,0.127,0.03510880339527768
4,0.019405345676376026,0.06595989120970418,Restaurant,0.12,0.08994413098013876
4,0.019956248339749814,-0.006505843401049385,Drugstore,0.158,0.031763775459220156
5,0.01530695850644273,0.10559759190959639,Drugstore,0.14,0.08256145529316099
3,0.018479828491822288,0.06934733658107525,Restaurant,0.153,0.08276982981501312
3,0.03475232738764837,0.07724472226463842,Restaurant,0.138,0.08965836544785197
4,0.06749758623695568,0.05119400779517441,Drugstore,0.127,0.10828453859493388
4,0.12115395548194023,0.09297019894739914,Books,0.118,0.06199884448415619
5,0.06781011334265095,-0.013840117856065579,Clothing,0.114,0.04728551345664771
5,0.06319005936740536,0.08997904418895504,Restaurant,0.12,0.061332794729317776
5,0.1353510152697891,0.04622310029876435,Books,0.125,0.03660344576440312
4,0.1252358291043927,0.028491574207363292,Restaurant,0.102,0.02959467507861017
5,0.10673734465625664,0.022772447020786186,Drugstore,0.108,0.047982887661601914
5,0.17185099148397354,0.019333268552688507,Drugstore,0.127,0.030242030217216647
5,0.15399276167083814,0.05959639733816992,Restaurant,0.126,0.016946899859997158
4,0.15010656242764786,0.10380410913648452,Restaurant,0.128,0.057255996482687595
3,0.19226654168308616,0.16960507240213973,Drugstore,0.111,0.023316947964663118
3,0.1691811600718491,0.020892036698661784,Drugstore,0.111,0.0366183838251783
3,0.1400380327622441,0.0472099030414133,Drugstore,0.102,0.05718737778971637
5,0.1460484620859045,0.03680122780973622,Books,0.106,0.027428679744093822
5,0.13183377118208625,0.03535582424073935,Books,0.083,0.055567377577694727
3,0.12321953516538928,-0.01375275396694671,Furniture,0.098,-0.013800842425429938
4,0.11867538648090749,0.09320562419150472,Grocery,0.086,-0.025556551874573848
4,0.12684667532164487,0.20469960792076797,Books,0.097,0.04522741784194914
3,0.09887662246853096,0.047751199367852715,Books,0.095,0.0014573400186801459
3,0.08511418142443028,0.125928755426781,Furniture,0.081,-0.012456780271928689
3,0.08083657597180419,0.11392902803257804,Furniture,0.11,-0.0064002349263663815
5,0.10774299388940181,-0.05070944763215335,Drugstore,0.09,0.023539322403209252
5,0.060028713544906916,0.0245448578035712,Drugstore,0.087,0.08463693898100659
3,0.017270271795414297,0.016951751832969333,Books,0.075,0.04816669149971947
4,-0.008721119213912039,0.057660459276767384,Books,0.072,0.05117750039320793
3,0.0014547820654065727,0.06300998955366921,Furniture,0.074,-0.014551950225985282
4,-0.010735389836333091,0.024288936951505108,Grocery,0.079,-0.020658895400510205
3,0.032018086689435676,0.0669410281998052,Books,0.115,0.11291259509440912
4,0.05181546982335032,0.13864110794772752,Books,0.09,0.06062828284772633
5,0.03420782891639522,0.11441390513581262,Furniture,0.09,-0.023151590397251773
4,0.07262869114485296,0.07394706784389898,Furniture,0.073,-0.020533991714612745
4,0.05790445934782176,-0.04823670346326109,Drugstore,0.075,0.0295812084843999
5,0.07505506880185046,0.06389276658833923,Drugstore,0.057,0.08199609792649218
5,0.07479122782416445,0.10640435918468541,Books,0.073,0.0417669255869309
3,0.10614755424704646,0.07050322277054459,Books,0.049,0.04571012411783695
5,0.11104937141513467,0.050723728374781354,Furniture,0.049,-0.01189464186750608
5,0.11877502651920209,0.1291132880236595,Grocery,0.053,-0.016747530648297034
4,0.1449941342229057,0.02502475184957054,Books,0.048,0.03821538265685104
4,0.18084969716711322,0.014833163803784365,Books,0.052,0.04755555796767013
4,0.15763996637551056,0.02885745493092877,Furniture,0.048,-0.01313426545664923
5,0.15018948786222255,0.016010448350177793,Furniture,0.074,-0.020295265270450464
3,0.18567866717453765,0.05257182160949593,Drugstore,0.031,0.03609072297879545
4,0.16230593045218997,0.16036905095494558,Drugstore,0.061,0.020807736282329823
5,0.14287906046538448,0.044829611269383764,Books,0.042,0.0584150961020129
3,0.15915864539881885,-0.02046848414999343,Books,0.035,-0.014470101304508733
3,0.1621212880911227,0.07296268879180587,Furniture,0.035,-0.008387284122065986
3,0.10555455942491138,0.03711489915668005,Grocery,0.05,-0.01179033752237937
3,0.12265216178313965,0.12246513930163377,Books,0.046,0.06825216968763216
4,0.07413801795286906,-0.00536339879511754,Books,0.037,0.07318076849584056
5,0.08188730163195336,-0.011503893313494523,Furniture,0.04,-0.017005933654153666
4,0.09892265880518004,0.0653003292855234,Furniture,0.021,-0.023254670625993866
5,0.014018729884265507,0.0759154145781581,Gas station,0.021,0
4,0.045079959581700524,0.04251132827431388,Furniture,0.01,-0.02201714124103703
4,0.040273748571938,0.013097706431308098,Grocery,0.015,-0.011495389803197559
4,0.006624325614857287,0.019162884077997454,Grocery,0.039,-0.01237589324714863
5,0.00943590186070311,0.10116071629176736,Furniture,0.023,-0.010837283923880402
5,0.02144474672808265,-0.04104142408273567,Clothing,0.021,0.06214227297065468
3,0.039834835804779256,0.0464626065586576,Grocery,0.034,-0.011604962156258154
4,0.0410063956768502,0.03736612148753515,Clothing,0.026,0.04707358807438637
4,0.03837464179158569,0.03326487238880563,Grocery,0.035,-0.006101800798732641
5,0.06843092719632052,-0.009942982351312527,Gas station,0.019,0
4,0.04940714167658594,0.028548072744176093,Gas station,0.014,0
5,0.0623518443230279,-0.010322745175130668,Furniture,0,-0.013032688334800794
4,0.09961021588450426,0.002062665217653834,Grocery,-0.016,-0.013165025732918665
3,0.09562252449133721,-0.015214657050989046,Grocery,-0.004,-0.013949487284568083
5,0.1354293310712867,0.03642030381760798,Furniture,-0.01,-0.01489811538212479
4,0.1218278957032594,0.06017703428712561,Clothing,-0.008,0.07172201482645757
4,0.16456696403897336,0.02285229724583009,Grocery,-0.012,-0.009013297501093155
5,0.1807773929881417,-0.00115544377001053,Clothing,-0.003,0.01584699410081359
3,0.1522771974501985,0.06630145331876153,Grocery,-0.004,-0.016673353736038427
3,0.20784922841856962,-0.01836694045088864,Gas station,-0.004,0
0,0.201523752779189,0.064966939887814,Gas station,-0.002,0
0,0.16558059852541723,-0.0979727583630145,Furniture,-0,0.008127835514826895
0,0.165682730341746,0.07203186243688131,Grocery,0.003,7.310282212602358e-5
0,0.17083922713763747,-0.0247312246363732,Grocery,0.011,-0.006458299841616238
1,0.17559547334468137,0.07285367895173166,Furniture,0.002,-0.011359014661626829
1,0.10198891080720768,0.03179214747465746,Clothing,-0.006,0.04683625063009211
0,0.12617923906697137,0.0761868463495266,Grocery,-0.009,-0.009322727850567356
1,0.11124627304695374,0.028334448059924577,Clothing,0.005,0.038868472787444264
0,0.07800734105300042,0.060360669840884756,Grocery,0.011,1.066265748569158e-4
0,0.041592379832808474,-0.0264349658135914,Gas station,-0.006,0
0,0.06348828266631294,0.0107849206117622,Gas station,0.029,0
1,0.042037076626557764,-0.025128430365604935,Furniture,0.039,-0.010742410024871892
1,0.042494048954638666,0.005551056894726021,Grocery,0.022,-0.0071574696187793755
0,0.02612560149824766,0.09295699340366825,Grocery,0.034,0.003383025636601032
0,0.0075335335065679,0.06192437975660835,Furniture,0.02,-0.003967214278571441
0,0.02279838314434438,-0.029279679112419972,Clothing,0.036,0.08643855183303516
0,0.014673588805024212,0.060757134723940044,Grocery,0.028,-0.002815779874859958
1,0.03662195876868233,-0.03113229643747531,Clothing,0.036,0.05846608736756591
0,0.06749988008025,0.05531171021854407,Grocery,0.017,-0.0075308571297550255
0,0.037352771485772845,0.0021358599733257017,Gas station,0.03,0
1,0.07833163216968175,0.01685518843207385,Drugstore,0.04,0.07266567141350572
1,0.10544102759433306,0.0501349073103842,Drugstore,0.023,0.04687746448925247
0,0.1054382322595142,0.06437901752759759,Books,0.045,0.050863444121222075
1,0.06891734750533314,0.061212443339814536,Books,0.05,0.03512714064470744
0,0.14694618407727264,0.04147959093968827,Furniture,0.022,-0.012330614897714557
0,0.1323102969616217,0.0661376377844745,Grocery,0.051,-0.0026362775049846372
1,0.13386166825241114,0.1172478436708421,Books,0.058,0.01357674917838202
0,0.15673728231598716,0.06570676870234421,Books,0.041,0.034477010043948327
0,0.1856291744546373,0.05215735620090674,Furniture,0.053,-0.008434523336807402
0,0.1776990105277899,0.021190165562615073,Furniture,0.029,5.900027899744251e-4
1,0.15345829804977926,0.04845022713068493,Drugstore,0.066,0.026928905817902273
0,0.17815739161395097,0.012988696545928873,Drugstore,0.065,0.008160473404684634
1,0.12565632463756626,0.09036198997555975,Books,0.062,0.025271227614788592
0,0.1378478749802416,0.027382265101608072,Books,0.069,0.04823170173391057
1,0.16645587644064075,0.03926760951889517,Furniture,0.056,-0.002283192980884105
0,0.13870048324681752,0.058822145601067445,Grocery,0.057,0.0028799048879323613
0,0.11289850963572265,0.0308192859821007,Books,0.06,0.10580410948359291
1,0.08268316555840935,0.08642823850032494,Books,0.049,0.053623469163232275
0,0.07937153855482683,0.05861089643736739,Furniture,0.067,-0.010837926659259433
0,0.0635055346987529,0.10171565794967752,Furniture,0.051,-0.010298035217774568
1,0.06925949246179407,-0.03684491840496014,Drugstore,0.073,0.015552935931461292
0,0.03386952551729886,0.051248954006013654,Drugstore,0.096,0.07834452966570493
0,0.016537674108049866,0.09050276586887174,Books,0.094,0.05858411753776821
1,0.023176601664913473,-0.012616869525337263,Books,0.081,0.027795330423178395
0,0.0026721277470736753,-0.011645520380481278,Furniture,0.092,-0.006102715025239252
0,-0.0060961637139886095,-0.005189099673881349,Grocery,0.075,-0.004086300276212733
0,0.013528050503266205,0.002546333329889995,Books,0.08,0.07594313280775843
0,0.05670490983109029,0.07610194640493981,Books,0.093,3.06162918879597e-4
0,0.06686272444876958,-0.0228975308601818,Furniture,0.079,0.009452232229339181
0,0.07624128598208775,0.026771425822186515,Furniture,0.084,-0.006645293864531351
0,0.05517802557608544,0.016811706149259267,Drugstore,0.098,0.0313452106434448
0,0.10120268871590687,0.06832325740674555,Drugstore,0.12,0.033703583298200716
1,0.08285296842519886,0.07519129674928089,Books,0.089,0.10321224815721859
1,0.0774150293371099,0.07744641806437977,Books,0.097,0.07912047183861559
0,0.10704534543247612,0.047291418486192026,Furniture,0.093,0.016444350869250488
0,0.13296228345959812,0.03516035383174748,Grocery,0.118,0.0068405679929141395
0,0.13835061545116792,0.003147897619709669,Books,0.108,0.04527154631105327
1,0.16174114871373588,0.053894889614354964,Books,0.113,0.047266921037426746
1,0.18750862363181747,0.1298839828680702,Furniture,0.098,-0.00915707151204795
1,0.17207191192475607,0.15272491359692494,Furniture,0.12,-0.002681361933167062
1,0.15389939637724787,0.010837898792342988,Books,0.108,0.03617584613588792
0,0.18848085189056332,0.06748170477919542,Clothing,0.13,-0.02728728586670163
1,0.16150237838747086,0.10241904638153211,Restaurant,0.123,0.03634582784251002
0,0.1440410016594531,0.02385908427059994,Books,0.108,0.028012534796133862
1,0.12488240885582103,0.02958874885026578,Restaurant,0.124,0.03804881371175457
0,0.12394563734531855,0.09395524262554755,Drugstore,0.111,0.0403959031758686
1,0.11462764000185834,0.10024226551009432,Drugstore,0.113,0.04605697391647258
1,0.09494920806796332,0.1410858335816092,Restaurant,0.127,0.06463614354414873
1,0.06427667351497322,0.12397823385726445,Restaurant,0.12,0.07694021725873203
0,0.061247869092357334,0.035928004443732724,Drugstore,0.108,0.07104010872102483
1,0.07898805325531483,0.09870944010373064,Books,0.146,0.05379388897850783
1,0.05084728305947966,0.06815031782821714,Clothing,0.136,0.0799945724780721
0,0.005348288166127473,0.08389565141665356,Restaurant,0.131,0.08417177193625039
1,0.029901000745054192,0.10051056450288161,Books,0.14,0.05603591531570991
0,-0.017943275181888547,0.08274292483876185,Restaurant,0.134,0.08451894825997237
0,0.009828797458803816,0.026571827142708462,Drugstore,0.155,0.03366993873837527
0,0.029038894785164776,0.1250585449030282,Drugstore,0.152,0.01818597120737165
1,0.03876454764035113,0.07932398088962314,Restaurant,0.145,0.09016700277362227
0,0.032774413869512894,0.10024787414463637,Restaurant,0.141,0.028560199414120926
1,0.0645443982458106,0.07121272010339366,Drugstore,0.136,0.03226558605393351
1,0.05141908678099678,0.013843077819163552,Books,0.167,0.06872888079534914
0,0.10431198742608715,0.1533693028072012,Clothing,0.157,0.04071037418850447
1,0.08509427520499753,-0.044349619004972723,Restaurant,0.158,-4.301596103745576e-4
0,0.09160139542593056,0.11588779382616357,Books,0.161,0.058058624379349735
1,0.12792628782811863,0.12280373691759008,Restaurant,0.155,0.041092421462952854
1,0.13364755158799807,0.16920278790333226,Drugstore,0.172,0.05536237818121486
1,0.1369543583933537,0.08160725239210781,Drugstore,0.159,0.008664967497948766
0,0.1736018950497992,0.0600202929120703,Restaurant,0.164,0.007210204694240994
0,0.17215622063235464,0.10827670374316105,Restaurant,0.158,0.02895539374777843
0,0.19387299020558207,0.13779588517216343,Drugstore,0.178,0.05121681931153767
0,0.19209963084605688,0.09787325419188479,Books,0.204,0.03576796718129979
0,0.17209320545269324,0.16864255297869257,Clothing,0.176,0.01604885471647062
1,0.15364761078024913,0.05362238200834299,Restaurant,0.172,0.0503318407595385
0,0.15150120255457591,0.07606961113032318,Books,0.181,0.0381708494088929
0,0.11942873455413577,0.10173232918383847,Restaurant,0.165,0.05562488365939582
1,0.1179881862333762,0.013867969589974993,Drugstore,0.181,0.033893181895359115
1,0.09812474499788605,0.02383802490822727,Drugstore,0.171,0.10034704241524747
1,0.08740567101781817,0.0678725171135771,Restaurant,0.206,0.06166787201567873
0,0.08687840453230843,0.055856308702324865,Restaurant,0.194,0.020153645015741115
1,0.07700262326316408,0.14187580607195788,Drugstore,0.19,0.08506119777032062
1,0.04811019669293661,0.14142306243243621,Clothing,0.191,0.031086328102938644
0,0.034396494205461474,0.05172524547395776,Books,0.212,0.02772142609833859
0,0.030348555627018898,0.11063425802219624,Clothing,0.219,0.07635763546384142
1,0.01813812335747953,0.0971332201887454,Books,0.21,0.052906267320171806
1,0.005542208337896436,0.10700905653008776,Clothing,0.198,0.12307465873417804
1,0.004664296464383978,0.20209096190149733,Clothing,0.2,0.10886789383854832
1,0.05783760894314949,0.1404854921332065,Clothing,0.187,0.04028583459579401
0,0.06756920467647402,0.07029298722988027,Restaurant,0.19,0.04882559114749776
0,0.08735964026108504,0.13653467609144235,Books,0.185,0.03695563154930627
1,0.0572050139193567,0.14289251233209554,Restaurant,0.206,0.10569886592559478
1,0.07165708524430804,0.04141974674952313,Books,0.179,0.06171706601591494
1,0.09306632445731791,0.08952266426659347,Clothing,0.172,0.052900147079625336
1,0.10394613264405489,0.15558231948073614,Restaurant,0.188,0.06740555432083081
0,0.10816412379937168,-0.058013029556930426,Books,0.177,0.05543958613629525
0,0.1479638979612212,0.08693960350452176,Restaurant,0.194,0.030741558389501572
1,0.12056491561347604,0.06023122123318538,Drugstore,0.178,0.028733901715422845
1,0.1344470916750395,0.1078103281339498,Drugstore,0.169,0.027280194079527677
0,0.16128634334899652,0.05929513541210294,Restaurant,0.173,0.028903109796980263
0,0.1762548177936086,0.04598541872543695,Restaurant,0.18,-0.01798545945149338
1,0.19717805562733062,0.08606000273009291,Drugstore,0.175,0.007588290211688576
0,0.16879582161094947,0.08759979422421975,Books,0.172,0.02026947368652374
1,0.18436120502067035,0.08806623242863483,Clothing,0.171,0.03204982534978306
0,0.15797749595519667,0.009078677912085428,Restaurant,0.166,-0.005209708681615507
1,0.1528596127404359,0.10466378096084415,Books,0.167,0.03466909183276935
0,0.15711960424801757,0.06708039977955052,Restaurant,0.161,0.053219621171582215
1,0.11363972529548383,0.00379138290998568,Drugstore,0.154,0.04109483948433676
1,0.09067998604435654,0.09033717316461051,Drugstore,0.153,0.059572237077479016
1,0.06804303003326102,-0.007486052734004323,Restaurant,0.17,0.06580478798293572
0,0.0783850191108357,0.06290091970996729,Restaurant,0.162,0.04249166527214188
1,0.06880918678212262,-0.021764959997252156,Drugstore,0.155,0.04817019738747478
1,0.043126357671139474,0.15442352463276965,Books,0.132,0.07126657519426431
0,0.0819990892640261,0.006722063488138905,Clothing,0.142,0.019466289966557367
0,0.018136219409229836,0.11988264069447264,Restaurant,0.144,0.07805611940113366
0,0.008447523064861006,0.10578572098854566,Books,0.154,0.08656714842844912
0,-0.0026197891720993968,0.04141124847348226,Restaurant,0.15,0.10416647669424632
1,0.026787953480182536,0.16180227718967105,Drugstore,0.138,0.12931419634791202
0,-0.006591902174090961,0.11326461827037038,Drugstore,0.145,0.07041810859732531
1,0.04536570652590348,0.06979307441124763,Restaurant,0.153,0.08526874389583465
1,0.02923764101012317,0.10809857915217758,Restaurant,0.136,0.07749090984877538
1,0.058131719471348625,0.0779610297598362,Drugstore,0.151,0.047114850766241806
1,0.09315053393463091,0.10366719793071738,Books,0.119,0.06242412201287999
1,0.07774475802306517,0.13046180376797395,Clothing,0.124,0.0925606830470449
0,0.060196223716241504,0.018165999902103387,Restaurant,0.112,0.04212831408783631
1,0.1285759563583577,0.05835199195933712,Books,0.118,0.02625500469132586
0,0.10457947169838942,0.1033694850466948,Restaurant,0.123,0.04471510663950575
1,0.15599744134821855,0.1320487493304228,Drugstore,0.111,0.012458964573609024
1,0.11402375069628735,0.11307823873857684,Drugstore,0.118,0.0867141845609972
1,0.12879907213466674,-0.007524035197568293,Restaurant,0.1,0.03945620234077105
0,0.20664968907146247,0.06450715477084526,Restaurant,0.112,0.022475559078640288
1,0.19439413174189976,0.03464626963514572,Drugstore,0.123,-0.004757778906166748
1,0.19372957707773883,0.0792348173015935,Drugstore,0.092,-0.002005460576772555
1,0.1417667452852614,0.03888246447814289,Drugstore,0.099,0.011760640110245718
0,0.16168086345960567,0.006893695646028722,Books,0.119,0.04722279586610518
0,0.17297879709211436,0.018899457886846216,Books,0.106,-0.020462296475323504
1,0.11580290705450598,-0.014483074983921818,Furniture,0.101,-0.011236470041997269
0,0.14107328272511757,0.009030229475018525,Grocery,0.097,-0.001948122380049908
0,0.08890800225491649,0.10978037139195762,Books,0.106,0.05358518222763787
1,0.0814921140714814,0.06350799410052017,Books,0.105,0.030709557608042688
0,0.11000001495874895,-0.006194454704733496,Furniture,0.097,-0.006718603420897941
1,0.06530038668836131,0.08509310904588699,Furniture,0.112,-7.707248127485502e-4
1,0.0522493891038427,-4.3468804099726366e-4,Drugstore,0.076,0.042385779304113705
1,0.05594602855508729,0.032016512557061894,Drugstore,0.071,0.062078531107785655
1,0.023733912284169923,0.01787080929740921,Books,0.084,0.05518259192107278
0,0.013435486287393304,-0.013302023430379062,Books,0.079,0.06465586532523526
1,-0.019222752758443238,0.12875619347533637,Furniture,0.07,-0.0013991223098111538
0,-0.0013670821130589486,0.02116460746182077,Grocery,0.08,-0.004780459484941279
0,0.028127531481439216,0.04776775825920085,Books,0.095,0.10624671057509079
1,0.05884299930546789,0.06554830982681324,Books,0.078,0.059802518656292436
1,0.042504471367595116,0.05197833490552367,Furniture,0.088,-0.005374233271467868
1,0.0838967163428871,0.046278362912261846,Furniture,0.081,-0.011608714755561954
1,0.07256253866468415,0.03697375944760061,Drugstore,0.047,0.11858824003308474
1,0.09949748634035623,0.06984213732185829,Drugstore,0.076,0.054785108602672127
1,0.090898728274065907,-0.04030379308900124,Books,0.06,0.04965074920687011
1,0.09756850177614675,0.06324693114434415,Books,0.063,0.04207313563733892
0,0.11995948440045984,-0.07305602114601412,Furniture,0.065,9.382935126197147e-4
0,0.1527567916061214,-0.05698842535863019,Grocery,0.079,-0.008735138833099551
0,0.11193972331781081,0.09080952398183964,Books,0.051,0.045070439240499034
0,0.16833194098444332,0.04333085952526808,Books,0.08,0.06017452315624202
0,0.19514153965711312,0.015410689463367759,Furniture,0.065,0.013539987244764027
0,0.16474987542597672,0.07004096814024954,Furniture,0.06,-0.004820985144925084
0,0.16586018071578984,0.015870425848396874,Drugstore,0.056,0.013322880354212831
1,0.20641655189933902,0.11853029853558024,Drugstore,0.021,0.07234560127558533
1,0.12797647855224967,0.12203326571010263,Books,0.043,-1.5846169334316883e-4
0,0.15160653519655312,0.08172649665596352,Books,0.061,0.011678972101606207
1,0.1497837753751907,-0.05279808154265404,Furniture,0.051,-0.007187344498368662
0,0.11403148847425819,0.04834847499932693,Grocery,0.024,1.495450377393914e-4
1,0.10697489891801759,0.004939635764182791,Books,0.039,0.054787513190108716
0,0.06497352863378955,0.09211095528387846,Books,0.051,0.04453361883960479
0,0.08887328025122106,-0.004152965311698037,Furniture,0.027,-8.022752495578983e-4
0,0.018698892796378173,0.10494629941511674,Furniture,0.029,0.0032990291246147796
1,0.04895507713358632,0.12777938702064762,Gas station,-0.004,0
1,0.035971591936242726,0.09327369754411877,Furniture,0.029,-0.008314055887378876
0,0.037599915236148224,0.005262444478789985,Grocery,0.02,-0.009032401113794988
0,-0.01586896038794756,0.08635052581928497,Grocery,0.022,-0.002109179776140746
0,0.043752146432304434,-0.06782914337294353,Furniture,0.015,-0.0027168077813052053
0,-0.026475206602209308,-0.025590923387037272,Clothing,0.018,0.10331870672756076
1,0.005288322560192276,0.03042600196620107,Grocery,0.024,-0.005007153559819524
1,0.04060747816894752,0.10016492956565896,Clothing,0.022,0.04665821989159106
0,0.01720485871422677,0.03809289687118817,Grocery,0.023,-0.0066834043986961295
1,0.058245001218826475,-0.04567601263545491,Gas station,0.038,0
1,0.08416286015342224,-0.02164353850849776,Gas station,0.003,0
0,0.08820327864832797,0.07897992273518173,Furniture,0.009,-0.0036936674622191946
1,0.10381953817285866,0.09628270593212812,Grocery,-0.005,-0.00766915214448398
1,0.10581871007514093,0.11030078881273697,Grocery,0.003,-0.014551160958412052
1,0.13897115349255512,-0.0033396405433505742,Furniture,-0.025,-0.005014855922398724
0,0.11141132259141623,0.07376073298166363,Clothing,-0.002,0.02749300194041864
0,0.14949867106741627,0.003890209001566579,Grocery,-0.005,0.0026752894962258126
0,0.1713807586735397,-0.025858784528357156,Clothing,-0.002,0.018523588243675608
0,0.14993864942114649,0.064888929549725,Grocery,-0.012,-4.816970616354841e-4
0,0.20588514046406553,0.029737082897989604,Gas station,-0.013,0
